pose,sample,A_pixels,F_per_mille,R_per_mille,shown_label,notes
PALM,1,,,,,
PALM,2,,,,,
PALM,3,,,,,
PALM,4,,,,,
PALM,5,,,,,
PALM,6,,,,,
PALM,7,,,,,
PALM,8,,,,,
PALM,9,,,,,
PALM,10,,,,,
PALM,11,,,,,
PALM,12,,,,,
PALM,13,,,,,
PALM,14,,,,,
PALM,15,,,,,
PALM,16,,,,,
PALM,17,,,,,
PALM,18,,,,,
PALM,19,,,,,
PALM,20,,,,,
PALM,21,,,,,
PALM,22,,,,,
PALM,23,,,,,
PALM,24,,,,,
PALM,25,,,,,
PALM,26,,,,,
PALM,27,,,,,
PALM,28,,,,,
PALM,29,,,,,
PALM,30,,,,,
FIST,1,,,,,
FIST,2,,,,,
FIST,3,,,,,
FIST,4,,,,,
FIST,5,,,,,
FIST,6,,,,,
FIST,7,,,,,
FIST,8,,,,,
FIST,9,,,,,
FIST,10,,,,,
FIST,11,,,,,
FIST,12,,,,,
FIST,13,,,,,
FIST,14,,,,,
FIST,15,,,,,
FIST,16,,,,,
FIST,17,,,,,
FIST,18,,,,,
FIST,19,,,,,
FIST,20,,,,,
FIST,21,,,,,
FIST,22,,,,,
FIST,23,,,,,
FIST,24,,,,,
FIST,25,,,,,
FIST,26,,,,,
FIST,27,,,,,
FIST,28,,,,,
FIST,29,,,,,
FIST,30,,,,,
FINGER,1,,,,,
FINGER,2,,,,,
FINGER,3,,,,,
FINGER,4,,,,,
FINGER,5,,,,,
FINGER,6,,,,,
FINGER,7,,,,,
FINGER,8,,,,,
FINGER,9,,,,,
FINGER,10,,,,,
FINGER,11,,,,,
FINGER,12,,,,,
FINGER,13,,,,,
FINGER,14,,,,,
FINGER,15,,,,,
FINGER,16,,,,,
FINGER,17,,,,,
FINGER,18,,,,,
FINGER,19,,,,,
FINGER,20,,,,,
FINGER,21,,,,,
FINGER,22,,,,,
FINGER,23,,,,,
FINGER,24,,,,,
FINGER,25,,,,,
FINGER,26,,,,,
FINGER,27,,,,,
FINGER,28,,,,,
FINGER,29,,,,,
FINGER,30,,,,,
